{"cameraMode":{"drawMode":0,"name":"Shaded","section":"Shading Mode"},"sceneLighting":true,"audioPlay":false,"sceneViewState":{"m_AlwaysRefresh":false,"showFog":true,"showSkybox":true,"showFlares":true,"showImageEffects":true,"showParticleSystems":true,"showVisualEffectGraphs":true,"m_FxEnabled":true},"in2DMode":false,"pivot":{"x":219.83229064941407,"y":141.4295654296875,"z":9.007224082946778},"rotation":{"x":-0.07793521881103516,"y":-0.00010966921399813145,"z":-0.00046376095269806683,"w":0.9972455501556397},"size":168.63497924804688,"orthographic":false}